numero;num_reference;date_publication
401-111-24-009;20045624;2025-01-30
IMM-15954;20044228;2025-01-30
91913;20045647;2025-01-30
IMM-15953;20044112;2025-01-30
12-5004-CDPQI-ADP;20045894;2025-01-30
2024-P-25;20044190;2025-01-30
YAM2025-01;20045829;2025-01-30
BP2417-24007;20045089;2025-01-30
GENIE2025-950;20045460;2025-01-30
VMP-25-002;20045658;2025-01-30
LAC-PUB-2505;20045991;2025-01-30
TP38;20045851;2025-01-30
Wa-2025-02;20045843;2025-01-30
2024GE03-AOP;20045871;2025-01-30
CERFO_02-1_2024_2025;20048168;2025-02-11
25-01-31-017;20047930;2025-02-11
24-00709;20048465;2025-02-11
415-RM-2024;20048176;2025-02-11
01-2025;20047913;2025-02-11
9001-24-0305;20046302;2025-01-31
VM2025-01(P);20046271;2025-01-31
DR25-PUB-006;20045790;2025-01-31
SM-383 Travaux;20044918;2025-01-30
US-24-A8-1112-00;20044701;2025-01-30
GC-24-024;20046066;2025-01-30
DOS-2617;20045700;2025-02-03
DOS-2864;20046202;2025-02-03
S-AC-2025-004;20045496;2025-02-03
519401;20045340;2025-02-03
088-05-2024;20046305;2025-02-03
92231;20045750;2025-02-03
44537855;20046526;2025-02-03
158100486;20046424;2025-02-03
IMM-15882;20045556;2025-02-04
401.110/300;20045891;2025-02-04
44542105;20046229;2025-02-04
SD25-5011-1;20047143;2025-02-14
DDG 2025-03;20046818;2025-02-04
A25-0201;20046813;2025-02-04
MONM-20250109;20046589;2025-02-05
92281;20046284;2025-02-05
41210-2025;20047173;2025-02-05
AO-2025-02-03;20047125;2025-02-05
2425-PHD-04;20047820;2025-02-07
2025-50-06;20046888;2025-02-05
IE24-54017-307;20047015;2025-02-06
IE23-54100-280;20046652;2025-02-06
GP2513-25014;20046441;2025-02-06
S25-001;20046019;2025-02-06
2024 SP 247A;20045273;2025-02-06
202400710;20047430;2025-02-06
SP-25-007;20047500;2025-02-06
2025-55-09;20047576;2025-02-07
C-09-25P;20047414;2025-02-06
92354;20049360;2025-02-14
DR25-PUB-011;20047474;2025-02-06
2024 SP 338;20046752;2025-02-07
P 23-1288-00;20047623;2025-02-07
25-20900;20052069;2025-02-26
516001;20047526;2025-02-10
AO 2025-01;20047281;2025-02-10
RM-086-2025;20047958;2025-02-10
2024-50-127;20048911;2025-02-14
25-11 (SBDL2025-1);20048069;2025-02-10
25-CISSSMC-018;20048061;2025-02-10
242420-1;20048035;2025-02-10
25-734;20051637;2025-02-24
2025 SP 038;20048321;2025-02-18
AP25-004;20047869;2025-02-12
DOS-2838;20049122;2025-02-17
59-25-AOP-DGI-13;20049567;2025-02-17
2025-021;20047881;2025-02-13
TP-2025-004;20048220;2025-02-12
AP25-004;20045073;2025-02-05
PS24-0825;20048893;2025-02-12
DOS-2198;20048876;2025-02-17
2024 SP 314;20048093;2025-02-17
S-2334;20048938;2025-02-13
2025-TP-002;20049634;2025-02-17
VLB2025-02;20048746;2025-02-13
25-20904;20047868;2025-02-17
SA-24-INF-0243;20048672;2025-02-13
244320;20048992;2025-02-13
854466;20047303;2025-02-13
24314_S;20049794;2025-02-17
AO 74-2025-03;20049836;2025-02-17
25-20819;20048369;2025-02-17
24-00704;20051844;2025-02-25
DOS-2826;20050695;2025-02-24
2025-2288;20050356;2025-02-19
305401;20050350;2025-02-18
6313-25-DG01;20051860;2025-02-25
380/2024;20050508;2025-02-19
25-20832;20050087;2025-02-19
2025-TP-12;20050467;2025-02-19
TP-2025-3018-01;20050534;2025-02-19
20250219;20050581;2025-02-19
24-782P2-1;20050576;2025-02-20
AOP-2025-03-SP-ING-TP;20050963;2025-02-21
92217;20050194;2025-02-26
DOS-2876;20052048;2025-03-03
2025 SP 066;20050035;2025-02-26
SP-25-012;20052161;2025-02-26
24-159P;20054636;2025-03-07
GE2025-22;20052154;2025-02-26
AO2025-0226;20050269;2025-02-26
DS2025-017-03;20046159;2025-02-26
2025-002;20053189;2025-03-03
25-740;20051413;2025-02-24
ST-2505-CPDS;20052235;2025-02-26
SA25-3016;20051855;2025-02-26
SA25-3013;20052085;2025-02-26
DOS-2932;20052064;2025-03-03
401-110-25-R1851.13;20052465;2025-02-26
59-25-ET-02;20052541;2025-02-27
25-6166;20053423;2025-03-10
600024-84;20053294;2025-03-03
92594;20053470;2025-03-10
GT2025-07;20052507;2025-02-27
59-25-ET-01;20052531;2025-02-27
DR25-PUB-036;20051919;2025-02-27
2502-ST;20052273;2025-02-27
2025-002;20052625;2025-02-27
44542646;20054369;2025-03-10
2507-ST;20052436;2025-02-27
GENIE2025-01;20051715;2025-02-27
SA-25-INF-0040;20052427;2025-02-27
2025SPR011;20051862;2025-03-10
AOP20250227EB-SRM-EK-AFSB;20052616;2025-02-27
SA-25-INF-0016;20052858;2025-02-27
IMM.SP25-01;20052110;2025-02-28
SG-2025.03;20052601;2025-02-28
SP/B-10.26 et B-11.28;20049451;2025-02-28
2025-2090;20052840;2025-02-28
2025-2091;20052841;2025-02-28
25-738;20053290;2025-03-03
12407;20053434;2025-03-03
PL-2021-05 (Phase 4);20051935;2025-03-04
VLB2025-04;20049099;2025-03-04
SMP-2024-200;20052970;2025-03-04
Projet SI-25-267;20053632;2025-03-04
AVIS-25-6001;20053779;2025-03-04
20053125;20053784;2025-03-04
SP-250211;20053224;2025-03-05
SP-250225;20053236;2025-03-05
2025-TP-01.20;20053906;2025-03-05
PUB-2025-009;20053951;2025-03-05
AE-AO -20241203;20053868;2025-03-05
44541234;20053626;2025-03-05
HPROG-V1-EI001022-P230047;20053125;2025-03-05
DS2025-026-03;20051437;2025-03-06
24-804P2;20054165;2025-03-06
TP-2025-3020-01;20054442;2025-03-06
