Date;Numéro;Numéro de référence
2025-03-10;24-159P;20054636
2025-03-10;92508;20053514
2025-03-10;24-804P2;20054165
2025-03-10;2025-AOSP-STI-119;20051566
2025-03-10;P6347–600025-03-600025-04;20054535
2025-03-10;TP-2025-3020-01;20054442
2025-03-06;2025-TP-01.20;20053906
2025-03-06;25-20926;20053363
2025-03-06;HPROG-V1-EI001022-P230047;20053125
2025-03-06;AE-AO -20241203;20053868
2025-03-06;44541234;20053626
2025-03-05;SP-250211;20053224
2025-03-05;SP-250225;20053236
2025-03-05;PL-2021-05 (Phase 4);20051935
2025-03-05;20053125;20053784
2025-03-05;3312-24504_3312-24505;20053611
2025-03-04;12407;20053434
2025-03-04;25-738;20053290
2025-03-04;DOS-2932;20052064
2025-03-04;600024-84;20053294
2025-03-04;DOS-2876;20052048
2025-03-03;SA-25-INF-0016;20052858
2025-03-03;GENIE2025-01;20051715
2025-03-03;24-00719A;20052738
2025-03-03;SA-25-INF-0040;20052427
2025-03-03;2502-ST;20052273
2025-03-03;2507-ST;20052436
2025-03-03;SG-2025.03;20052601
2025-03-03;IMM.SP25-01;20052110
