date_publication;numero;num_reference
2025-03-10;24-159P;20054636
2025-03-10;92508;20053514
2025-03-10;24-804P2;20054165
2025-03-10;2025-AOSP-STI-119;20051566
2025-03-10;P6347â€“600025-03-600025-04;20054535
2025-03-10;TP-2025-3020-01;20054442
2025-03-06;2025-TP-01.20;20053906
2025-03-06;25-20926;20053363
2025-03-06;HPROG-V1-EI001022-P230047;20053125
2025-03-06;AE-AO -20241203;20053868
2025-03-06;44541234;20053626
2025-03-05;SP-250211;20053224
2025-03-05;SP-250225;20053236
2025-03-05;PL-2021-05 (Phase 4);20051935
2025-03-05;20053125;20053784
2025-03-05;3312-24504_3312-24505;20053611
2025-03-04;12407;20053434
2025-03-04;25-738;20053290
2025-03-04;DOS-2932;20052064
2025-03-04;600024-84;20053294
2025-03-04;DOS-2876;20052048
2025-03-03;SA-25-INF-0016;20052858
2025-03-03;GENIE2025-01;20051715
2025-03-03;24-00719A;20052738
2025-03-03;SA-25-INF-0040;20052427
2025-03-03;2502-ST;20052273
2025-03-03;2507-ST;20052436
2025-03-03;SG-2025.03;20052601
2025-03-03;IMM.SP25-01;20052110
2025-02-27;59-25-ET-02;20052541
2025-02-27;GT2025-07;20052507
2025-02-27;59-25-ET-01;20052531
2025-02-27;DR25-PUB-036;20051919
2025-02-27;401-110-25-R1851.13;20052465
2025-02-27;25-20900;20052069
2025-02-27;ST-2505-CPDS;20052235
2025-02-27;SA25-3013;20052085
2025-02-27;AO2025-0226;20050269
2025-02-27;25-avr;20051677
2025-02-27;SA25-3016;20051855
2025-02-27;GE2025-22;20052154
2025-02-27;DG2025-02;20052534
2025-02-26;24-00704;20051844
2025-02-26;6313-25-DG01;20051860
2025-02-25;25-734;20051637
2025-02-25;25-740;20051413
2025-02-24;DOS-2826;20050695
2025-02-24;24-25-62;20051148
2025-02-24;24-782P2-1;20050576
2025-02-24;AO-510;20050772
2025-02-24;AOP-2025-03-SP-ING-TP;20050963
2025-02-19;2025-2288;20050356
2025-02-18;25-20819;20048369
2025-02-18;25-20904;20047868
2025-02-18;2025 SP 038;20048321
2025-02-17;DOS-2838;20049122
2025-02-17;2024 SP 314;20048093
2025-02-17;DOS-2198;20048876
2025-02-17;59-25-AOP-DGI-13;20049567
2025-02-17;92354;20049360
2025-02-17;VLB2025-02;20048746
2025-02-17;BC5075;20049389
2025-02-17;JU2503;20049217
2025-02-13;S-2334;20048938
2025-02-13;2025-010;20047867
2025-02-13;SMP-2025-03 (C-2025-19);20048366
2025-02-13;TP25-09;20048669
2025-02-12;01-2025;20047913
2025-02-12;25-01-31-017;20047930
2025-02-12;AP25-004;20047869
2025-02-12;24-00709;20048465
2025-02-12;1691-1693-2001 SPI IDLM;20048270
2025-02-11;92200;20047036
2025-02-10;24-7003;20047410
2025-02-10;C-09-25P;20047414
2025-02-10;2024 SP 247A;20045273
2025-02-05;44542105;20046229
2025-02-05;600025-01-02;20046711
2025-02-03;DOS-2617;20045700
2025-02-03;LAC-PUB-2505;20045991
2025-02-03;25-févr;20045931
2025-02-03;12-5004-CDPQI-ADP;20045894
2025-01-30;SA25-3005;20045534
2025-01-30;PUB-2025-002;20045726
2025-01-30;401-110-25-07;20045732
